snp_gap_id,biochemical_character,vegetative_organ,reproductive_organ,coloration,seed,tolerance_resistance,QTL,chr,chr_pos
15,0,0,0,0,1,0,0,11,2249301
21,1,0,0,0,0,0,0,11,20721741
28,0,0,0,0,1,0,0,11,3089159
49,0,0,1,0,0,0,0,11,26404685
73,0,0,0,0,0,1,0,11,19333561
146,0,0,1,0,0,0,0,11,2555618
147,0,0,1,0,0,0,0,11,2584192
156,0,0,1,0,0,0,0,11,9332345
159,0,0,1,0,0,0,0,11,23062528
184,1,0,0,0,0,0,0,11,4359807
214,0,1,0,0,0,0,0,11,22356921
245,0,1,0,0,0,0,0,11,28700561
267,0,1,0,0,0,0,0,11,22356921
273,0,1,0,0,0,0,0,11,28625319
289,0,1,0,0,0,0,0,11,28785970
294,0,1,0,0,0,0,0,11,28700561
303,0,1,0,0,0,0,0,11,23557075
304,0,1,0,0,0,0,0,11,24390571
322,0,0,0,0,1,0,0,11,5470986
336,0,0,0,0,1,0,0,11,7198896
337,0,0,0,0,1,0,0,11,7225288
352,0,0,1,0,0,0,0,11,7855199
365,1,0,0,0,0,0,0,11,18913660
408,1,0,0,0,0,0,0,11,741739
415,1,0,0,0,0,0,0,11,10367723
433,1,0,0,0,0,0,0,11,28437993
477,0,0,1,0,0,0,0,11,24937051
489,0,0,0,0,1,0,0,11,14798326
513,0,0,0,0,1,0,0,11,1408922
514,0,0,0,0,1,0,0,11,14791880
519,0,0,0,0,1,0,0,11,3212401
527,0,0,0,0,1,0,0,11,19577133
528,0,0,0,0,1,0,0,11,27445591
538,0,0,0,0,1,0,0,11,22850966
565,0,0,0,0,0,0,1,11,3048438
888,0,0,1,0,0,0,0,11,4662008
891,0,0,1,0,0,0,0,11,4659582
893,0,0,1,0,0,0,0,11,4811012
901,0,0,1,0,0,0,0,11,4662151
903,0,0,1,0,0,0,0,11,25103196
904,0,0,1,0,0,0,0,11,4659633
907,0,0,1,0,0,0,0,11,4451625
910,0,0,1,0,0,0,0,11,4451649
915,0,0,1,0,0,0,0,11,4448944
923,0,0,1,0,0,0,0,11,25103255
925,0,0,1,0,0,0,0,11,25103237
929,0,0,1,0,0,0,0,11,25103475
934,0,0,1,0,0,0,0,11,4448929
946,0,0,1,0,0,0,0,11,25103335
970,0,0,1,0,0,0,0,11,25103431
1019,0,0,1,0,0,0,0,11,25103377
1139,0,0,1,0,0,0,0,11,4478125
1140,0,0,1,0,0,0,0,11,4662008
1143,0,0,1,0,0,0,0,11,4466781
1146,0,0,1,0,0,0,0,11,4467607
1153,0,0,1,0,0,0,0,11,4478138
1154,0,0,1,0,0,0,0,11,4451625
1157,0,0,1,0,0,0,0,11,4451649
1162,0,0,1,0,0,0,0,11,4476896
1164,0,0,1,0,0,0,0,11,4476921
1165,0,0,1,0,0,0,0,11,4467591
1167,0,0,1,0,0,0,0,11,4467577
1172,0,0,1,0,0,0,0,11,4466801
1174,0,0,1,0,0,0,0,11,4466802
1176,0,0,1,0,0,0,0,11,4466777
1178,0,0,1,0,0,0,0,11,4476950
1179,0,0,1,0,0,0,0,11,4448929
1187,0,0,1,0,0,0,0,11,4466816
1191,0,0,1,0,0,0,0,11,4466813
1196,0,0,1,0,0,0,0,11,4467702
1200,0,0,1,0,0,0,0,11,4432786
1203,0,0,1,0,0,0,0,11,4477675
1206,0,0,1,0,0,0,0,11,4448651
1207,0,0,1,0,0,0,0,11,4478009
1213,0,0,1,0,0,0,0,11,4448944
1217,0,0,1,0,0,0,0,11,4448901
1220,0,0,1,0,0,0,0,11,4467676
1221,0,0,1,0,0,0,0,11,4476885
1255,0,0,1,0,0,0,0,11,3375274
1376,0,0,1,0,0,0,0,11,24063573
1447,0,1,0,0,0,0,0,11,28821256
1454,0,1,0,0,0,0,0,11,6103683
1472,0,1,0,0,0,0,0,11,3638312
1473,0,1,0,0,0,0,0,11,23650929
1485,0,1,0,0,0,0,0,11,21915814
1486,0,1,0,0,0,0,0,11,23438923
1487,0,1,0,0,0,0,0,11,23640395
1488,0,1,0,0,0,0,0,11,24364407
1489,0,1,0,0,0,0,0,11,24388283
1490,0,1,0,0,0,0,0,11,25610599
1498,0,1,0,0,0,0,0,11,20481199
1530,1,0,0,0,0,0,0,11,17562184
1537,0,0,1,0,0,0,0,11,5403023
1538,0,0,1,0,0,0,0,11,6238153
1570,1,0,0,0,0,0,0,11,24293732
1605,1,0,0,0,0,0,0,11,17714592
1705,0,0,0,0,1,0,0,11,3878856
1719,0,0,0,0,1,0,0,11,24266777
1735,0,0,0,0,1,0,0,11,9702379
1749,0,0,1,0,0,0,0,11,27791708
1759,0,1,0,0,0,0,0,11,1063214
1778,0,1,0,0,0,0,0,11,25611048
1789,0,1,0,0,0,0,0,11,21798323
1790,0,1,0,0,0,0,0,11,21798323
1795,0,1,0,0,0,0,0,11,25611048
1806,0,1,0,0,0,0,0,11,21798323
1807,0,1,0,0,0,0,0,11,21798323
1811,0,1,0,0,0,0,0,11,25611048
1829,0,0,0,0,0,1,0,11,22720171
1832,0,1,0,0,0,0,0,11,4466781
1833,0,1,0,0,0,0,0,11,4662008
1834,0,1,0,0,0,0,0,11,4467607
1835,0,1,0,0,0,0,0,11,4467702
1836,0,1,0,0,0,0,0,11,4467577
1838,0,1,0,0,0,0,0,11,4451625
1839,0,1,0,0,0,0,0,11,4448929
1841,0,1,0,0,0,0,0,11,4466777
1842,0,1,0,0,0,0,0,11,4467591
1843,0,1,0,0,0,0,0,11,4448944
1845,0,1,0,0,0,0,0,11,4478125
1848,0,1,0,0,0,0,0,11,4451649
1850,0,1,0,0,0,0,0,11,4466801
1852,0,1,0,0,0,0,0,11,4466802
1856,0,1,0,0,0,0,0,11,4478009
1864,0,1,0,0,0,0,0,11,4811012
1865,0,1,0,0,0,0,0,11,4466813
1867,0,1,0,0,0,0,0,11,4659582
1870,0,1,0,0,0,0,0,11,4466816
1873,0,1,0,0,0,0,0,11,4448901
1874,0,1,0,0,0,0,0,11,4478074
1877,0,1,0,0,0,0,0,11,4467353
1887,0,1,0,0,0,0,0,11,4467682
1896,0,1,0,0,0,0,0,11,4476885
1908,0,1,0,0,0,0,0,11,4476921
1911,0,1,0,0,0,0,0,11,4476888
1913,0,1,0,0,0,0,0,11,4439928
1915,0,1,0,0,0,0,0,11,4467676
1918,0,1,0,0,0,0,0,11,4476896
1922,0,1,0,0,0,0,0,11,4439926
1931,0,1,0,0,0,0,0,11,4476950
1936,0,1,0,0,0,0,0,11,4467669
1937,0,1,0,0,0,0,0,11,4467673
1938,0,1,0,0,0,0,0,11,4662151
1941,0,1,0,0,0,0,0,11,4448651
1945,0,1,0,0,0,0,0,11,4433140
1946,0,1,0,0,0,0,0,11,4476974
1959,0,1,0,0,0,0,0,11,4448674
1966,0,1,0,0,0,0,0,11,4432786
1974,0,1,0,0,0,0,0,11,4466854
1975,0,1,0,0,0,0,0,11,4476977
1976,0,1,0,0,0,0,0,11,4438066
1977,0,1,0,0,0,0,0,11,4438067
1985,0,1,0,0,0,0,0,11,4466832
1986,0,1,0,0,0,0,0,11,4477675
1991,0,1,0,0,0,0,0,11,4467697
1996,0,1,0,0,0,0,0,11,4659633
1997,0,1,0,0,0,0,0,11,4438069
2002,0,1,0,0,0,0,0,11,4467563
2016,0,1,0,0,0,0,0,11,4466821
2020,0,1,0,0,0,0,0,11,4433772
2023,0,1,0,0,0,0,0,11,5741957
2029,0,1,0,0,0,0,0,11,4450189
2036,0,1,0,0,0,0,0,11,4467661
2054,0,1,0,0,0,0,0,11,4450190
2062,0,1,0,0,0,0,0,11,4432782
2079,0,1,0,0,0,0,0,11,4476997
2080,0,1,0,0,0,0,0,11,4448941
2089,0,1,0,0,0,0,0,11,4448759
2104,0,1,0,0,0,0,0,11,4451416
2105,0,1,0,0,0,0,0,11,4451423
2106,0,1,0,0,0,0,0,11,4451424
2122,0,1,0,0,0,0,0,11,4467065
2123,0,1,0,0,0,0,0,11,4440069
2127,0,1,0,0,0,0,0,11,4439975
2143,0,1,0,0,0,0,0,11,5742702
2153,0,1,0,0,0,0,0,11,4466803
2155,0,1,0,0,0,0,0,11,4438059
2156,0,1,0,0,0,0,0,11,4476989
2165,0,1,0,0,0,0,0,11,5742692
2172,0,1,0,0,0,0,0,11,5061910
2173,0,1,0,0,0,0,0,11,7581182
2176,0,1,0,0,0,0,0,11,4433087
2177,0,1,0,0,0,0,0,11,5061951
2178,0,1,0,0,0,0,0,11,4466810
2182,0,1,0,0,0,0,0,11,4433065
2213,0,1,0,0,0,0,0,11,5741467
2222,0,1,0,0,0,0,0,11,4466882
2223,0,1,0,0,0,0,0,11,4451404
2225,0,1,0,0,0,0,0,11,5739374
2227,0,1,0,0,0,0,0,11,4433073
2229,0,1,0,0,0,0,0,11,4438196
2230,0,1,0,0,0,0,0,11,4451145
2238,0,1,0,0,0,0,0,11,4478138
2239,0,1,0,0,0,0,0,11,4467991
2241,0,1,0,0,0,0,0,11,4469267
2242,0,1,0,0,0,0,0,11,4659203
2247,0,1,0,0,0,0,0,11,4469145
2248,0,1,0,0,0,0,0,11,4452106
2249,0,1,0,0,0,0,0,11,4433571
2258,0,1,0,0,0,0,0,11,4466875
2259,0,1,0,0,0,0,0,11,4466878
2260,0,1,0,0,0,0,0,11,4466879
2261,0,1,0,0,0,0,0,11,4466883
2262,0,1,0,0,0,0,0,11,4439791
2263,0,1,0,0,0,0,0,11,5741591
2277,0,1,0,0,0,0,0,11,4433263
2278,0,1,0,0,0,0,0,11,4433270
2281,0,1,0,0,0,0,0,11,4440104
2288,0,1,0,0,0,0,0,11,5742685
2290,0,1,0,0,0,0,0,11,5741615
2316,0,0,1,0,0,0,0,11,22311064
2325,0,0,0,0,1,0,0,11,24295017
2326,0,0,0,0,1,0,0,11,24295017
2339,1,0,0,0,0,0,0,11,7122972
2353,0,0,0,0,0,1,0,11,27496928
2354,0,0,0,0,0,1,0,11,27183806
2355,0,0,0,0,0,1,0,11,28870403
2367,0,0,0,0,0,1,0,11,5457506
2375,0,0,0,0,0,0,1,11,141191
2376,0,0,0,0,0,0,1,11,140283
2451,0,0,0,0,1,0,0,11,4300143
2452,0,0,0,0,1,0,0,11,17131702
2453,0,0,0,0,1,0,0,11,21814036
2454,0,0,0,0,1,0,0,11,25633462
2481,0,0,0,0,1,0,0,11,3561044
2482,0,0,0,0,1,0,0,11,23440745
2483,0,0,0,0,1,0,0,11,25229631
2535,0,0,0,0,1,0,0,11,4264453
2536,0,0,0,0,1,0,0,11,17170907
2537,0,0,0,0,1,0,0,11,21814296
2554,0,0,0,0,0,1,0,11,23821163
2555,0,0,0,0,0,1,0,11,24705745
2556,0,0,0,0,0,1,0,11,25707465
2557,0,0,0,0,0,1,0,11,25803469
2558,0,0,0,0,0,1,0,11,26108432
2559,0,0,0,0,0,1,0,11,27252984
2560,0,0,0,0,0,1,0,11,27331273
2561,0,0,0,0,0,1,0,11,27381710
2562,0,0,0,0,0,1,0,11,27388673
2563,0,0,0,0,0,1,0,11,27412501
2564,0,0,0,0,0,1,0,11,27440642
2565,0,0,0,0,0,1,0,11,27564459
2566,0,0,0,0,0,1,0,11,27574224
2567,0,0,0,0,0,1,0,11,27584500
2568,0,0,0,0,0,1,0,11,27585271
2569,0,0,0,0,0,1,0,11,27606210
2570,0,0,0,0,0,1,0,11,27643334
2571,0,0,0,0,0,1,0,11,27837134
2572,0,0,0,0,0,1,0,11,27845457
2573,0,0,0,0,0,1,0,11,28123278
2574,0,0,0,0,0,1,0,11,28142810
2575,0,0,0,0,0,1,0,11,28224697
2576,0,0,0,0,0,1,0,11,28225235
2577,0,0,0,0,0,1,0,11,28280859
2578,0,0,0,0,0,1,0,11,28341344
2579,0,0,0,0,0,1,0,11,28345844
2580,0,0,0,0,0,1,0,11,28366034
2581,0,0,0,0,0,1,0,11,28369539
2582,0,0,0,0,0,1,0,11,28436056
2583,0,0,0,0,0,1,0,11,28436056
2584,0,0,0,0,0,1,0,11,28436365
2585,0,0,0,0,0,1,0,11,28436928
2586,0,0,0,0,0,1,0,11,28437434
2587,0,0,0,0,0,1,0,11,28437571
2588,0,0,0,0,0,1,0,11,28437976
2589,0,0,0,0,0,1,0,11,28451456
2590,0,0,0,0,0,1,0,11,28452004
2591,0,0,0,0,0,1,0,11,28452904
2592,0,0,0,0,0,1,0,11,28464846
2593,0,0,0,0,0,1,0,11,28466356
2594,0,0,0,0,0,1,0,11,28466754
2595,0,0,0,0,0,1,0,11,28467988
2596,0,0,0,0,0,1,0,11,28475970
2597,0,0,0,0,0,1,0,11,28478394
2598,0,0,0,0,0,1,0,11,28481632
2599,0,0,0,0,0,1,0,11,28653791
2600,0,0,0,0,0,1,0,11,28653977
2601,0,0,0,0,0,1,0,11,28702274
2602,0,0,0,0,0,1,0,11,28704769
2666,0,0,0,0,0,1,0,11,27574224
2667,0,0,0,0,0,1,0,11,27837134
2668,0,0,0,0,0,1,0,11,27845457
2669,0,0,0,0,0,1,0,11,28142810
2670,0,0,0,0,0,1,0,11,28225235
2671,0,0,0,0,0,1,0,11,28280859
2672,0,0,0,0,0,1,0,11,28366034
2673,0,0,0,0,0,1,0,11,28437434
2674,0,0,0,0,0,1,0,11,28475970
2717,0,0,0,0,0,0,1,11,187804
2910,0,0,1,0,0,0,0,11,22144121
2911,0,0,1,0,0,0,0,11,22145721
2912,0,0,1,0,0,0,0,11,23012580
2913,0,0,1,0,0,0,0,11,23012600
2914,0,0,1,0,0,0,0,11,23047814
2915,0,0,1,0,0,0,0,11,23064262
2916,0,0,1,0,0,0,0,11,23728957
2917,0,0,1,0,0,0,0,11,25276132
2918,0,0,1,0,0,0,0,11,28839108
3316,0,0,1,0,0,0,0,11,6399118
3317,0,0,0,0,1,0,0,11,17414835
3318,0,0,0,0,1,0,0,11,17572220
3319,0,0,0,0,1,0,0,11,18395368
3320,0,0,0,0,1,0,0,11,18671454
3321,0,0,0,0,1,0,0,11,18671363
3322,0,0,1,0,0,0,0,11,19648317
3323,0,0,1,0,0,0,0,11,19839333
3324,0,0,0,0,1,0,0,11,23416224
3325,0,0,1,0,0,0,0,11,24097437
3326,0,0,0,0,1,0,0,11,24716123
3327,0,0,1,0,0,0,0,11,25021720
3328,0,0,0,0,1,0,0,11,27791689
3329,0,0,0,0,1,0,0,11,28896515
3385,0,0,1,0,0,0,0,11,21324876
3452,0,1,0,0,0,0,0,11,24949694
3453,0,1,0,0,0,0,0,11,24951820
3463,0,1,0,0,0,0,0,11,19036381
3464,0,1,0,0,0,0,0,11,19474124
3465,0,1,0,0,0,0,0,11,21860824
3466,0,1,0,0,0,0,0,11,21862228
3487,0,1,0,0,0,0,0,11,6528473
3525,0,0,1,0,0,0,0,11,442456
3526,0,0,1,0,0,0,0,11,20139623
3552,0,1,0,0,0,0,0,11,6479316
3553,0,0,0,0,0,1,0,11,28739518
3554,0,0,0,0,0,1,0,11,27560949
3558,0,0,0,0,0,1,0,11,27998933
3562,0,0,0,0,0,1,0,11,21084315
3569,0,0,0,0,0,1,0,11,4448674
3996,0,1,0,0,0,0,0,11,271718
4008,1,0,0,0,0,0,0,11,26456090
4016,1,0,0,0,0,0,0,11,3885434
4036,0,0,1,0,0,0,0,11,21353461
4043,0,0,0,0,0,0,1,11,2918255
4044,0,0,0,0,0,0,1,11,3031310
4045,0,0,0,0,0,0,1,11,6596315
4046,0,0,0,0,0,0,1,11,24271121
4070,0,0,0,0,0,1,0,11,4583814
4071,0,0,0,0,0,1,0,11,27999035
4391,0,0,0,0,0,0,1,11,5590294
4392,0,0,0,0,0,0,1,11,5591062
4393,0,0,0,0,0,0,1,11,5593226
4394,0,0,0,0,0,0,1,11,5594051
4395,0,0,0,0,0,0,1,11,5741558
4396,0,0,0,0,0,0,1,11,6378752
4397,0,0,0,0,0,0,1,11,10012996
4398,0,0,0,0,0,0,1,11,10182839
4399,0,0,0,0,0,0,1,11,10200722
4400,0,0,0,0,0,0,1,11,10956249
4401,0,0,0,0,0,0,1,11,13695242
4402,0,0,0,0,0,0,1,11,13766713
4403,0,0,0,0,0,0,1,11,14104844
4404,0,0,0,0,0,0,1,11,14943553
4405,0,0,0,0,0,0,1,11,15626863
4406,0,0,0,0,0,0,1,11,15742667
4407,0,0,0,0,0,0,1,11,15857482
4408,0,0,0,0,0,0,1,11,16204080
4409,0,0,0,0,0,0,1,11,16703586
4410,0,0,0,0,0,0,1,11,16720209
4411,0,0,0,0,0,0,1,11,17327010
4412,0,0,0,0,0,0,1,11,17405089
4413,0,0,0,0,0,0,1,11,19707863
4414,0,0,0,0,0,0,1,11,19710757
4415,0,0,0,0,0,0,1,11,20966383
4416,0,0,0,0,0,0,1,11,22771016
4417,0,0,0,0,0,0,1,11,23113307
4418,0,0,0,0,0,0,1,11,25089325
4669,0,0,0,0,0,0,1,11,2508093
4670,0,0,0,0,0,0,1,11,3535210
4671,0,0,0,0,0,0,1,11,4161579
4672,0,0,0,0,0,0,1,11,6378752
4673,0,0,0,0,0,0,1,11,8270917
4674,0,0,0,0,0,0,1,11,9328744
4675,0,0,0,0,0,0,1,11,9382118
4676,0,0,0,0,0,0,1,11,12988325
4677,0,0,0,0,0,0,1,11,13269648
4678,0,0,0,0,0,0,1,11,14104844
4679,0,0,0,0,0,0,1,11,14275991
4680,0,0,0,0,0,0,1,11,15513543
4681,0,0,0,0,0,0,1,11,15620852
4682,0,0,0,0,0,0,1,11,15742667
4683,0,0,0,0,0,0,1,11,16236105
4684,0,0,0,0,0,0,1,11,16447805
4685,0,0,0,0,0,0,1,11,16568396
4686,0,0,0,0,0,0,1,11,17303622
4687,0,0,0,0,0,0,1,11,17348321
4688,0,0,0,0,0,0,1,11,17405039
4689,0,0,0,0,0,0,1,11,17405089
4690,0,0,0,0,0,0,1,11,17413365
4691,0,0,0,0,0,0,1,11,17414263
4692,0,0,0,0,0,0,1,11,17425397
4693,0,0,0,0,0,0,1,11,17700362
4694,0,0,0,0,0,0,1,11,17882096
4695,0,0,0,0,0,0,1,11,18068371
4696,0,0,0,0,0,0,1,11,19416431
4697,0,0,0,0,0,0,1,11,23113307
4904,0,0,0,0,0,0,1,11,5758357
4905,0,0,0,0,0,0,1,11,6471188
4906,0,0,0,0,0,0,1,11,13051406
4907,0,0,0,0,0,0,1,11,15586910
4908,0,0,0,0,0,0,1,11,15928327
4909,0,0,0,0,0,0,1,11,16230484
4910,0,0,0,0,0,0,1,11,16248182
4911,0,0,0,0,0,0,1,11,16248270
4912,0,0,0,0,0,0,1,11,16248326
4913,0,0,0,0,0,0,1,11,16248457
4914,0,0,0,0,0,0,1,11,16248473
4915,0,0,0,0,0,0,1,11,19390981
4916,0,0,0,0,0,0,1,11,19676855
4917,0,0,0,0,0,0,1,11,19707893
4918,0,0,0,0,0,0,1,11,19710757
4919,0,0,0,0,0,0,1,11,19717287
4920,0,0,0,0,0,0,1,11,19718317
4921,0,0,0,0,0,0,1,11,19718339
4922,0,0,0,0,0,0,1,11,19746258
4923,0,0,0,0,0,0,1,11,19757067
4924,0,0,0,0,0,0,1,11,19762238
4925,0,0,0,0,0,0,1,11,19769112
4926,0,0,0,0,0,0,1,11,19770097
5024,0,0,0,0,0,0,1,11,16075054
5025,0,0,0,0,0,0,1,11,16248182
5026,0,0,0,0,0,0,1,11,16248326
5027,0,0,0,0,0,0,1,11,16248457
5028,0,0,0,0,0,0,1,11,16248473
5029,0,0,0,0,0,0,1,11,16703586
5030,0,0,0,0,0,0,1,11,16713613
5031,0,0,0,0,0,0,1,11,19390981
5032,0,0,0,0,0,0,1,11,19675977
5033,0,0,0,0,0,0,1,11,19676855
5034,0,0,0,0,0,0,1,11,19710757
5035,0,0,0,0,0,0,1,11,19718317
5036,0,0,0,0,0,0,1,11,19718339
5037,0,0,0,0,0,0,1,11,19757067
5038,0,0,0,0,0,0,1,11,23028389
5039,0,0,0,0,0,0,1,11,24422778
5040,0,0,0,0,0,0,1,11,28621116
5230,0,0,0,0,0,0,1,11,12013503
5231,0,0,0,0,0,0,1,11,13051406
5232,0,0,0,0,0,0,1,11,13832830
5233,0,0,0,0,0,0,1,11,18505018
5234,0,0,0,0,0,0,1,11,20005902
5235,0,0,0,0,0,0,1,11,20171261
5459,0,0,1,0,0,0,0,11,1603414
5460,0,0,1,0,0,0,0,11,3365343
5461,0,0,1,0,0,0,0,11,3679134
5462,0,0,1,0,0,0,0,11,8315553
5463,0,0,1,0,0,0,0,11,14313781
5464,0,0,1,0,0,0,0,11,20645223
5465,0,0,1,0,0,0,0,11,21740149
5466,0,0,1,0,0,0,0,11,23639394
5467,0,0,1,0,0,0,0,11,24704430
5468,0,0,1,0,0,0,0,11,24758673
5469,0,0,1,0,0,0,0,11,24791219
5470,0,0,1,0,0,0,0,11,25030118
5471,0,0,1,0,0,0,0,11,25039292
5472,0,0,1,0,0,0,0,11,25113696
5473,0,0,1,0,0,0,0,11,27802985
5773,0,0,0,0,1,0,0,11,10902246
5774,0,0,0,0,1,0,0,11,19701594
5775,0,0,0,0,1,0,0,11,27391298
6182,0,0,0,0,1,0,0,11,6254942
6183,0,0,0,0,1,0,0,11,6503715
6184,0,0,0,0,1,0,0,11,6647494
6185,0,0,0,0,1,0,0,11,7263732
6186,0,0,0,0,1,0,0,11,7277897
6187,0,0,0,0,1,0,0,11,8005038
6188,0,0,0,0,1,0,0,11,8168594
6189,0,0,0,0,1,0,0,11,8262826
6190,0,0,0,0,1,0,0,11,8498483
6191,0,0,0,0,1,0,0,11,8498702
6192,0,0,0,0,1,0,0,11,9025789
6193,0,0,0,0,1,0,0,11,13407991
6194,0,0,0,0,1,0,0,11,15266765
6195,0,0,0,0,1,0,0,11,18108746
6196,0,0,0,0,1,0,0,11,22301608
6197,0,0,0,0,1,0,0,11,25390328
6198,0,0,0,0,1,0,0,11,25680169
6199,0,0,0,0,1,0,0,11,26219007
6200,0,0,0,0,1,0,0,11,27984709
6201,0,0,0,0,1,0,0,11,28033912
6202,0,0,0,0,1,0,0,11,28094833
6203,0,0,0,0,1,0,0,11,28747212
7209,0,0,0,0,0,1,0,11,6382767
7210,0,0,0,0,0,1,0,11,6384046
7211,0,0,0,0,0,1,0,11,6406781
7212,0,0,0,0,0,1,0,11,6406783
7213,0,0,0,0,0,1,0,11,20426432
7214,0,0,0,0,0,1,0,11,20426446
7215,0,0,0,0,0,1,0,11,20426472
7216,0,0,0,0,0,1,0,11,20426491
7217,0,0,0,0,0,1,0,11,20426492
7218,0,0,0,0,0,1,0,11,20426432
7219,0,0,0,0,0,1,0,11,20426446
7220,0,0,0,0,0,1,0,11,20426472
7221,0,0,0,0,0,1,0,11,20426491
7222,0,0,0,0,0,1,0,11,20426492
7295,0,0,0,0,0,1,0,11,20803033
7296,0,0,0,0,0,1,0,11,21190115
7297,0,0,0,0,0,1,0,11,21246561
7298,0,0,0,0,0,1,0,11,20803033
7299,0,0,0,0,0,1,0,11,21190115
7300,0,0,0,0,0,1,0,11,21246561
7301,0,0,0,0,0,1,0,11,20803033
7302,0,0,0,0,0,1,0,11,21190115
7303,0,0,0,0,0,1,0,11,21246561
7304,0,0,0,0,0,1,0,11,20803033
7305,0,0,0,0,0,1,0,11,21190115
7306,0,0,0,0,0,1,0,11,21246561
7307,0,0,0,0,0,1,0,11,20803033
7308,0,0,0,0,0,1,0,11,21190115
7309,0,0,0,0,0,1,0,11,21246561
7310,0,0,0,0,0,1,0,11,20803033
7311,0,0,0,0,0,1,0,11,21190115
7312,0,0,0,0,0,1,0,11,21246561
7313,0,0,0,0,0,1,0,11,20803033
7314,0,0,0,0,0,1,0,11,21190115
7315,0,0,0,0,0,1,0,11,21246561
7316,0,0,0,0,0,1,0,11,27007623
7317,0,0,0,0,0,1,0,11,27007628
7318,0,0,0,0,0,1,0,11,27603791
7319,0,0,0,0,0,1,0,11,27603799
7320,0,0,0,0,0,1,0,11,27603835
7321,0,0,0,0,0,1,0,11,27672709
7322,0,0,0,0,0,1,0,11,27677853
7323,0,0,0,0,0,1,0,11,27831021
7324,0,0,0,0,0,1,0,11,27007623
7325,0,0,0,0,0,1,0,11,27007628
7326,0,0,0,0,0,1,0,11,27603791
7327,0,0,0,0,0,1,0,11,27603799
7328,0,0,0,0,0,1,0,11,27603835
7329,0,0,0,0,0,1,0,11,27672709
7330,0,0,0,0,0,1,0,11,27677853
7331,0,0,0,0,0,1,0,11,27831021
7332,0,0,0,0,0,1,0,11,27007623
7333,0,0,0,0,0,1,0,11,27007628
7334,0,0,0,0,0,1,0,11,27603791
7335,0,0,0,0,0,1,0,11,27603799
7336,0,0,0,0,0,1,0,11,27603835
7337,0,0,0,0,0,1,0,11,27672709
7338,0,0,0,0,0,1,0,11,27677853
7339,0,0,0,0,0,1,0,11,27831021
7340,0,0,0,0,0,1,0,11,27007623
7341,0,0,0,0,0,1,0,11,27007628
7342,0,0,0,0,0,1,0,11,27603791
7343,0,0,0,0,0,1,0,11,27603799
7344,0,0,0,0,0,1,0,11,27603835
7345,0,0,0,0,0,1,0,11,27672709
7346,0,0,0,0,0,1,0,11,27677853
7347,0,0,0,0,0,1,0,11,27831021
7379,1,0,0,0,0,0,0,11,14891373
7393,1,0,0,0,0,0,0,11,25263712
7419,0,0,0,0,0,1,0,11,22245292
7857,0,0,0,0,0,1,0,11,7440741
7858,0,0,0,0,0,1,0,11,9058117
7859,0,0,0,0,0,1,0,11,10697135
7860,0,0,0,0,0,1,0,11,14324286
7861,0,0,0,0,0,1,0,11,15174386
7862,0,0,0,0,0,1,0,11,15874941
7863,0,0,0,0,0,1,0,11,16283771
7864,0,0,0,0,0,1,0,11,16981957
7865,0,0,0,0,0,1,0,11,17634934
7866,0,0,0,0,0,1,0,11,18393512
7867,0,0,0,0,0,1,0,11,18427872
7868,0,0,0,0,0,1,0,11,18449220
7869,0,0,0,0,0,1,0,11,18495915
7870,0,0,0,0,0,1,0,11,22570666
7871,0,0,0,0,0,1,0,11,22571193
7872,0,0,0,0,0,1,0,11,22581569
7873,0,0,0,0,0,1,0,11,22648869
7874,0,0,0,0,0,1,0,11,24278047
7875,1,0,0,0,0,0,0,11,24805317
7876,1,0,0,0,0,0,0,11,25566515
7877,0,0,0,0,0,1,0,11,25620382
7878,0,0,0,0,0,1,0,11,25961716
7879,0,0,0,0,0,1,0,11,26318850
7880,0,0,0,0,0,1,0,11,26327481
7881,0,0,0,0,0,1,0,11,26475568
7882,1,0,0,0,0,0,0,11,27594430
7883,1,0,0,0,0,0,0,11,28735824
7884,0,0,0,0,0,1,0,11,28969154
7885,0,0,0,0,0,1,0,11,28973574
8220,0,1,0,0,0,0,0,11,2980970
8221,0,0,1,0,0,0,0,11,3211692
8222,0,0,1,0,0,0,0,11,3217355
8223,0,1,0,0,0,0,0,11,10895166
8224,0,1,0,0,0,0,0,11,14263467
8225,0,1,0,0,0,0,0,11,17111220
8226,0,1,0,0,0,0,0,11,17129433
8227,0,1,0,0,0,0,0,11,17178267
8228,0,1,0,0,0,0,0,11,19036435
8229,0,0,1,0,0,0,0,11,19198859
8230,0,0,1,0,0,0,0,11,19812693
8231,0,1,0,0,0,0,0,11,20269951
8232,0,1,0,0,0,0,0,11,20425677
8233,0,1,0,0,0,0,0,11,20505275
8234,0,1,0,0,0,0,0,11,20569062
8235,0,1,0,0,0,0,0,11,20709046
8236,0,1,0,0,0,0,0,11,20709046
8237,0,1,0,0,0,0,0,11,20709051
8238,0,1,0,0,0,0,0,11,20716411
8239,0,1,0,0,0,0,0,11,20759040
8240,0,1,0,0,0,0,0,11,20759043
8241,0,1,0,0,0,0,0,11,20799552
8242,0,1,0,0,0,0,0,11,20803723
8243,0,1,0,0,0,0,0,11,20860021
8244,0,1,0,0,0,0,0,11,20906558
8245,0,0,1,0,0,0,0,11,20909250
8246,0,1,0,0,0,0,0,11,20909250
8247,0,0,1,0,0,0,0,11,20936368
8248,0,1,0,0,0,0,0,11,20936368
8249,0,0,1,0,0,0,0,11,20974384
8250,0,1,0,0,0,0,0,11,20974384
8251,0,0,1,0,0,0,0,11,20974384
8252,0,1,0,0,0,0,0,11,21029308
8253,0,0,1,0,0,0,0,11,21409189
8254,0,1,0,0,0,0,0,11,23265084
8255,0,0,1,0,0,0,0,11,25565204
8256,0,0,1,0,0,0,0,11,28165153
8431,0,0,1,0,0,0,0,11,6328020
8432,0,1,0,0,0,0,0,11,14000018
8433,0,1,0,0,0,0,0,11,14263467
8434,0,0,1,0,0,0,0,11,19198859
8435,0,0,1,0,0,0,0,11,19463628
8436,0,0,1,0,0,0,0,11,19463628
8437,0,0,1,0,0,0,0,11,19811821
8438,0,0,1,0,0,0,0,11,19812693
8439,0,0,1,0,0,0,0,11,19812693
8440,0,1,0,0,0,0,0,11,19948301
8441,0,1,0,0,0,0,0,11,19948304
8442,0,1,0,0,0,0,0,11,19956778
8443,0,1,0,0,0,0,0,11,20569062
8444,0,1,0,0,0,0,0,11,20634891
8445,0,1,0,0,0,0,0,11,20709046
8446,0,1,0,0,0,0,0,11,20709051
8447,0,1,0,0,0,0,0,11,20709473
8448,0,1,0,0,0,0,0,11,20716411
8449,0,1,0,0,0,0,0,11,20759040
8450,0,1,0,0,0,0,0,11,20774077
8451,0,1,0,0,0,0,0,11,20803723
8452,0,1,0,0,0,0,0,11,20860021
8453,0,1,0,0,0,0,0,11,20906558
8454,0,1,0,0,0,0,0,11,22159379
8455,0,1,0,0,0,0,0,11,22167737
8456,0,1,0,0,0,0,0,11,22168974
8457,0,1,0,0,0,0,0,11,22220105
8458,0,1,0,0,0,0,0,11,22526446
8459,0,0,1,0,0,0,0,11,25255339
8460,0,0,1,0,0,0,0,11,25255339
8461,0,1,0,0,0,0,0,11,26144293
8462,0,1,0,0,0,0,0,11,26175081
8463,0,0,1,0,0,0,0,11,26552920
8464,0,0,1,0,0,0,0,11,26557612
8465,0,1,0,0,0,0,0,11,27793901
8587,0,1,0,0,0,0,0,11,22637630
8588,0,0,1,0,0,0,0,11,22637630
8589,0,1,0,0,0,0,0,11,22650475
8590,0,0,1,0,0,0,0,11,22650475
8591,0,1,0,0,0,0,0,11,24681029
8945,0,0,1,0,0,0,0,11,1588543
8946,0,0,1,0,0,0,0,11,1588543
8947,0,1,0,0,0,0,0,11,2884728
8948,0,1,0,0,0,0,0,11,2980970
8949,0,0,1,0,0,0,0,11,6647099
8950,0,0,1,0,0,0,0,11,6647102
8951,0,0,1,0,0,0,0,11,6647265
8952,0,0,1,0,0,0,0,11,6705767
8953,0,0,1,0,0,0,0,11,6887576
8954,0,1,0,0,0,0,0,11,7670552
8955,0,0,1,0,0,0,0,11,18434680
8956,0,1,0,0,0,0,0,11,20709046
8957,0,1,0,0,0,0,0,11,20709046
8958,0,1,0,0,0,0,0,11,20799552
8959,0,0,1,0,0,0,0,11,20802721
8960,0,0,1,0,0,0,0,11,20804489
8961,0,1,0,0,0,0,0,11,20941401
8962,0,0,1,0,0,0,0,11,20968155
8963,0,0,1,0,0,0,0,11,20968155
8964,0,1,0,0,0,0,0,11,21029308
8965,0,1,0,0,0,0,0,11,21054293
8966,0,0,1,0,0,0,0,11,21054293
8967,0,1,0,0,0,0,0,11,21409189
8968,0,0,1,0,0,0,0,11,21409189
8969,0,1,0,0,0,0,0,11,22526446
8970,0,1,0,0,0,0,0,11,22549787
8971,0,1,0,0,0,0,0,11,23009617
8972,0,1,0,0,0,0,0,11,25266044
8973,0,1,0,0,0,0,0,11,25279545
8974,0,1,0,0,0,0,0,11,25316302
8975,0,1,0,0,0,0,0,11,25476404
8976,0,0,1,0,0,0,0,11,25648145
8977,0,0,1,0,0,0,0,11,25648148
8978,0,0,1,0,0,0,0,11,25720086
8979,0,0,1,0,0,0,0,11,25720089
8980,0,0,1,0,0,0,0,11,25758451
8981,0,1,0,0,0,0,0,11,26500793
8982,0,0,1,0,0,0,0,11,27668212
9109,0,1,0,0,0,0,0,11,6647102
9110,0,0,1,0,0,0,0,11,6647102
9111,0,0,1,0,0,0,0,11,6647265
9112,0,0,1,0,0,0,0,11,6671341
9113,0,0,1,0,0,0,0,11,6691388
9114,0,0,1,0,0,0,0,11,6691391
9115,0,0,1,0,0,0,0,11,6706811
9116,0,0,1,0,0,0,0,11,6887831
9117,0,0,1,0,0,0,0,11,6895086
9118,0,1,0,0,0,0,0,11,7670552
9119,0,0,1,0,0,0,0,11,10985064
9120,0,1,0,0,0,0,0,11,20896032
9121,0,0,1,0,0,0,0,11,21708010
9122,0,0,1,0,0,0,0,11,21787769
9123,0,0,1,0,0,0,0,11,21989915
9124,0,0,1,0,0,0,0,11,21989915
9125,0,0,1,0,0,0,0,11,22055534
9126,0,1,0,0,0,0,0,11,22549787
9127,0,0,1,0,0,0,0,11,22549787
9128,0,1,0,0,0,0,0,11,22914508
9129,0,0,1,0,0,0,0,11,22914508
9130,0,0,1,0,0,0,0,11,22914508
9131,0,1,0,0,0,0,0,11,26074481
9132,0,0,1,0,0,0,0,11,26074481
9133,0,1,0,0,0,0,0,11,26076030
9134,0,0,1,0,0,0,0,11,26076030
9135,0,0,1,0,0,0,0,11,26082528
9136,0,1,0,0,0,0,0,11,26105229
9137,0,0,1,0,0,0,0,11,26500793
9138,0,0,1,0,0,0,0,11,26607296
9204,0,0,1,0,0,0,0,11,4844341
9205,0,0,1,0,0,0,0,11,5938381
9206,0,0,1,0,0,0,0,11,5974513
9207,0,0,1,0,0,0,0,11,5997106
9208,0,0,1,0,0,0,0,11,6004989
9209,0,1,0,0,0,0,0,11,20269954
9210,0,0,1,0,0,0,0,11,27668212
9254,1,0,0,0,0,0,0,11,19698035
9277,1,0,0,0,0,0,0,11,27187977
9292,1,0,0,0,0,0,0,11,16387396
9293,1,0,0,0,0,0,0,11,27230153
9300,1,0,0,0,0,0,0,11,9359866
9312,1,0,0,0,0,0,0,11,6136633
9313,1,0,0,0,0,0,0,11,10811830
9391,0,1,0,0,0,0,0,11,22029849
9400,0,1,0,0,0,0,0,11,6489085
9408,0,1,0,0,0,0,0,11,6425470
9418,0,0,0,0,0,1,0,11,28488975
9456,0,1,0,0,0,0,0,11,23288938
9471,0,0,1,0,0,0,0,11,28198374
9496,0,0,1,0,0,0,0,11,28198374
9510,0,0,1,0,0,0,0,11,7195997
9534,0,1,0,0,0,0,0,11,7668486
9535,0,1,0,0,0,0,0,11,26329379
9566,0,0,1,0,0,0,0,11,23758242
9583,0,0,1,0,0,0,0,11,23758242
9606,0,0,1,0,0,0,0,11,2484105
9625,0,0,1,0,0,0,0,11,17783824
9674,0,0,0,0,0,1,0,11,18103616
9757,0,1,0,0,0,0,0,11,20985119
9766,0,1,0,0,0,0,0,11,20018756
9790,0,1,0,0,0,0,0,11,22011269
9826,0,1,0,0,0,0,0,11,732522
9827,0,1,0,0,0,0,0,11,18091456
9828,0,1,0,0,0,0,0,11,23419054
9829,0,1,0,0,0,0,0,11,25601133
9830,0,1,0,0,0,0,0,11,26030887
9831,0,1,0,0,0,0,0,11,26384373
9832,0,1,0,0,0,0,0,11,27180290
9833,0,1,0,0,0,0,0,11,27653101
9834,0,1,0,0,0,0,0,11,27995545
9835,0,1,0,0,0,0,0,11,28768624
9855,0,1,0,0,0,0,0,11,17452288
9856,0,1,0,0,0,0,0,11,19256720
9857,0,1,0,0,0,0,0,11,28764861
9890,0,1,0,0,0,0,0,11,17387516
9891,0,1,0,0,0,0,0,11,28764861
9922,0,1,0,0,0,0,0,11,732522
9923,0,1,0,0,0,0,0,11,4415508
9924,0,1,0,0,0,0,0,11,5030364
9925,0,1,0,0,0,0,0,11,25601133
9926,0,1,0,0,0,0,0,11,26030887
9927,0,1,0,0,0,0,0,11,26384373
9928,0,1,0,0,0,0,0,11,27111267
9929,0,1,0,0,0,0,0,11,28768624
9944,0,1,0,0,0,0,0,11,20985119
9975,0,0,1,0,0,0,0,11,10646671
10013,0,0,1,0,0,0,0,11,22260469
10030,0,0,0,1,0,0,0,11,26265551
10031,0,0,0,1,0,0,0,11,28764861
10036,0,0,0,1,0,0,0,11,17631543
10040,0,0,1,0,0,0,0,11,28757131
10141,0,0,1,0,0,0,0,11,2664018
10142,0,0,1,0,0,0,0,11,4039237
10185,0,0,0,0,0,1,0,11,1420056
10186,0,0,0,0,0,1,0,11,1466789
10187,0,0,0,0,0,1,0,11,1485112
10188,0,0,0,0,0,1,0,11,1513965
10189,0,0,0,0,0,1,0,11,1568573
10190,0,0,0,0,0,1,0,11,21902824
10191,0,0,0,0,0,1,0,11,23082830
10275,0,0,0,0,0,1,0,11,1306118
10276,0,0,0,0,0,1,0,11,1308787
10277,0,0,0,0,0,1,0,11,1420056
10278,0,0,0,0,0,1,0,11,1461060
10279,0,0,0,0,0,1,0,11,1466789
10280,0,0,0,0,0,1,0,11,1485112
10281,0,0,0,0,0,1,0,11,1513965
10282,0,0,0,0,0,1,0,11,1568573
10283,0,0,0,0,0,1,0,11,22623777
10284,0,0,0,0,0,1,0,11,26052872
10285,0,0,0,0,0,1,0,11,26054466
10286,0,0,0,0,0,1,0,11,26404685
10287,0,0,0,0,0,1,0,11,26502787
10288,0,0,0,0,0,1,0,11,26527710
10336,0,0,0,0,0,1,0,11,20029132
10337,0,0,0,0,0,1,0,11,20099122
10338,0,0,0,0,0,1,0,11,20711892
10339,0,0,0,0,0,1,0,11,20955008
10340,0,0,0,0,0,1,0,11,23119601
10341,0,0,0,0,0,1,0,11,23159056
10418,0,0,0,0,0,1,0,11,5809262
10419,0,0,0,0,0,1,0,11,20029132
10420,0,0,0,0,0,1,0,11,20099122
10421,0,0,0,0,0,1,0,11,22512197
10422,0,0,0,0,0,1,0,11,22512221
10423,0,0,0,0,0,1,0,11,22516193
10424,0,0,0,0,0,1,0,11,22922844
10425,0,0,0,0,0,1,0,11,23119601
10426,0,0,0,0,0,1,0,11,23159056
10427,0,0,0,0,0,1,0,11,23175328
10428,0,0,0,0,0,1,0,11,25815164
10429,0,0,0,0,0,1,0,11,25909990
10430,0,0,0,0,0,1,0,11,26031607
10431,0,0,0,0,0,1,0,11,26453836
10432,0,0,0,0,0,1,0,11,26455695
10586,0,0,0,0,0,1,0,11,22621918
10587,0,0,0,0,0,1,0,11,22623777
10588,0,0,0,0,0,1,0,11,22625257
10589,0,0,0,0,0,1,0,11,25561923
10590,0,0,0,0,0,1,0,11,26052872
10591,0,0,0,0,0,1,0,11,26054466
10592,0,0,0,0,0,1,0,11,26527710
10642,0,1,0,0,0,0,0,11,22660540
10739,0,1,0,0,0,0,0,11,1466789
10740,0,1,0,0,0,0,0,11,1485112
10786,1,0,0,0,0,0,0,11,5470815
10787,1,0,0,0,0,0,0,11,8945393
10788,1,0,0,0,0,0,0,11,10144777
10789,1,0,0,0,0,0,0,11,11581998
10790,1,0,0,0,0,0,0,11,17488794
10791,1,0,0,0,0,0,0,11,24089952
10882,1,0,0,0,0,0,0,11,1460796
10883,1,0,0,0,0,0,0,11,1464076
10884,1,0,0,0,0,0,0,11,22429573
10885,1,0,0,0,0,0,0,11,22558454
10886,1,0,0,0,0,0,0,11,22560990
10887,1,0,0,0,0,0,0,11,22561020
10888,1,0,0,0,0,0,0,11,22563107
10889,1,0,0,0,0,0,0,11,22564930
10890,1,0,0,0,0,0,0,11,22565905
10891,1,0,0,0,0,0,0,11,22574305
10939,0,0,0,0,0,1,0,11,14964444
10940,0,0,0,0,0,1,0,11,15175496
10941,0,0,0,0,0,1,0,11,15228911
10942,0,0,0,0,0,1,0,11,24004733
11030,0,0,0,0,0,1,0,11,450166
11031,0,0,0,0,0,1,0,11,2619707
11032,0,0,0,0,0,1,0,11,14204557
11033,0,0,0,0,0,1,0,11,14264217
11034,0,0,0,0,0,1,0,11,14305002
11035,0,0,0,0,0,1,0,11,14736263
11036,0,0,0,0,0,1,0,11,15119955
11037,0,0,0,0,0,1,0,11,15172027
11038,0,0,0,0,0,1,0,11,15175496
11039,0,0,0,0,0,1,0,11,16947866
11040,0,0,0,0,0,1,0,11,24419278
11088,0,0,0,0,0,1,0,11,15175496
11089,0,0,0,0,0,1,0,11,16226371
11090,0,0,0,0,0,1,0,11,24004733
11178,0,0,0,0,0,1,0,11,2619707
11179,0,0,0,0,0,1,0,11,2675741
11180,0,0,0,0,0,1,0,11,15119955
11181,0,0,0,0,0,1,0,11,15172027
11182,0,0,0,0,0,1,0,11,15175496
11183,0,0,0,0,0,1,0,11,16226371
11184,0,0,0,0,0,1,0,11,16947866
11185,0,0,0,0,0,1,0,11,17488794
11186,0,0,0,0,0,1,0,11,17489900
11187,0,0,0,0,0,1,0,11,17559299
11188,0,0,0,0,0,1,0,11,22922844
11826,0,0,0,0,1,0,0,11,10928827
13059,0,0,0,0,1,0,0,11,20081707
13083,0,0,0,0,1,0,0,11,21130647
13090,0,0,0,0,1,0,0,11,21790946
13093,0,0,0,0,1,0,0,11,20671738
13100,0,0,0,0,1,0,0,11,21216933
13101,0,0,0,0,1,0,0,11,21182237
13104,0,0,0,0,1,0,0,11,21840930
13109,0,0,0,0,1,0,0,11,21150435
13122,0,0,0,0,1,0,0,11,22038360
13134,0,0,0,0,1,0,0,11,20936826
13135,0,0,0,0,1,0,0,11,21805154
13140,0,0,0,0,1,0,0,11,21048090
13154,0,0,0,0,1,0,0,11,20856788
13155,0,0,0,0,1,0,0,11,21220221
13780,0,0,0,0,0,0,1,11,10976619
13781,0,0,0,0,0,0,1,11,8728466
13782,0,0,0,0,0,0,1,11,8728428
13806,1,0,0,0,0,0,0,11,527634
13808,1,0,0,0,0,0,0,11,8647621
13810,0,1,0,0,0,0,0,11,18159330
13828,0,1,0,0,0,0,0,11,22932362
13829,0,1,0,0,0,0,0,11,10277226
13853,0,1,0,0,0,0,0,11,4176005
13929,0,0,0,0,1,0,0,11,4380229
13947,0,0,0,0,1,0,0,11,17506913
13948,0,0,0,0,1,0,0,11,20504239
13993,0,1,0,0,0,0,0,11,9080229
14007,0,1,0,0,0,0,0,11,25108737
14021,0,1,0,0,0,0,0,11,11371701
14027,0,0,1,0,0,0,0,11,2619707
14041,0,1,0,0,0,0,0,11,28845529
14044,0,0,1,0,0,0,0,11,28845529
14046,0,0,1,0,0,0,0,11,28845529
14051,0,0,1,0,0,0,0,11,28845529
14078,0,0,0,0,1,0,0,11,24811740
14105,0,0,0,0,1,0,0,11,26305415
14118,0,0,0,0,1,0,0,11,3590980
14134,0,0,0,0,1,0,0,11,1139175
14135,0,0,0,0,1,0,0,11,17483398
14154,0,0,0,0,0,1,0,11,4430937
14155,0,0,0,0,0,1,0,11,22248970
14205,0,0,1,0,0,0,0,11,1027408
14206,0,0,1,0,0,0,0,11,7436637
14207,0,0,1,0,0,0,0,11,25080930
14236,0,0,0,0,0,0,1,11,22454690
14269,0,0,1,0,0,0,0,11,4370478
14270,0,0,1,0,0,0,0,11,5096095
14271,0,0,1,0,0,0,0,11,10699825
14272,0,0,1,0,0,0,0,11,23714954
14273,0,0,1,0,0,0,0,11,24658214
14274,0,0,1,0,0,0,0,11,27225229
14299,0,0,0,0,1,0,0,11,4063084
14300,0,0,0,0,1,0,0,11,6372774
14322,0,0,1,0,0,0,0,11,2352586
14323,0,0,1,0,0,0,0,11,3097078
14324,0,0,1,0,0,0,0,11,15132918
14339,0,0,0,0,1,0,0,11,7941749
14357,0,0,1,0,0,0,0,11,14476077
14375,0,0,0,0,1,0,0,11,2533998
14386,0,0,1,0,0,0,0,11,25080930
14406,0,0,0,0,0,0,1,11,21404677
14419,0,0,1,0,0,0,0,11,23107541
14420,0,0,1,0,0,0,0,11,27189348
14421,0,0,1,0,0,0,0,11,28907735
14429,0,0,0,0,1,0,0,11,4019473
14430,0,0,0,0,1,0,0,11,18304222
14431,0,0,0,0,1,0,0,11,19248185
14432,0,0,0,0,1,0,0,11,26017612
14468,0,0,0,0,1,0,0,11,1849415
14469,0,0,0,0,1,0,0,11,8822968
14470,0,0,0,0,1,0,0,11,13597227
14477,0,0,1,0,0,0,0,11,9715687
14478,0,0,1,0,0,0,0,11,23378011
14479,0,0,1,0,0,0,0,11,26412037
14480,0,0,1,0,0,0,0,11,27169896
14507,0,0,0,0,1,0,0,11,27021568
14530,0,0,1,0,0,0,0,11,5027959
14531,0,0,1,0,0,0,0,11,24969309
14532,0,0,1,0,0,0,0,11,26039392
14555,0,0,1,0,0,0,0,11,26407156
14571,0,0,0,0,1,0,0,11,5025271
14572,0,0,0,0,1,0,0,11,8768458
14584,0,0,0,0,1,0,0,11,22463973
14594,0,0,1,0,0,0,0,11,14038715
14595,0,0,1,0,0,0,0,11,20729399
15516,0,0,0,1,0,0,0,11,9547492
15517,0,0,0,1,0,0,0,11,12291231
15518,0,0,0,1,0,0,0,11,12333303
15519,0,0,0,1,0,0,0,11,12333505
15520,0,0,0,1,0,0,0,11,12333522
15521,0,0,0,1,0,0,0,11,12347734
15522,0,0,0,1,0,0,0,11,12347765
15523,0,0,0,1,0,0,0,11,12447055
15524,0,0,0,1,0,0,0,11,12447351
15525,0,0,0,1,0,0,0,11,12447381
15526,0,0,0,1,0,0,0,11,12548861
15527,0,0,0,1,0,0,0,11,22623777
15528,0,0,0,1,0,0,0,11,26623014
15529,0,0,0,1,0,0,0,11,26623179
15628,0,0,0,1,0,0,0,11,27509828
15631,0,0,0,0,0,1,0,11,24645753
15634,0,0,0,0,0,1,0,11,24645753
15653,1,0,0,0,0,0,0,11,17624102
15697,0,0,0,0,1,0,0,11,5752053
15711,0,0,0,0,1,0,0,11,5752053
15712,0,0,0,0,1,0,0,11,17039961
15734,0,0,0,0,1,0,0,11,23855546
15738,0,0,0,0,0,0,1,11,23855546
15739,0,0,0,0,0,0,1,11,27415368
15897,0,0,0,0,0,1,0,11,5902436
15898,0,0,0,0,0,1,0,11,6478793
15899,0,0,0,0,0,1,0,11,7249274
15900,0,0,0,0,0,1,0,11,9163345
15901,0,0,0,0,0,1,0,11,17519565
15902,0,0,0,0,0,1,0,11,19897968
15903,0,0,0,0,0,1,0,11,21756289
15904,0,0,0,0,0,1,0,11,21779484
15905,0,0,0,0,0,1,0,11,21953047
15906,0,0,0,0,0,1,0,11,21995775
15907,0,0,0,0,0,1,0,11,22103236
15908,0,0,0,0,0,1,0,11,22114374
15909,0,0,0,0,0,1,0,11,22115297
15910,0,0,0,0,0,1,0,11,22184307
15911,0,0,0,0,0,1,0,11,22186102
15912,0,0,0,0,0,1,0,11,22186231
15913,0,0,0,0,0,1,0,11,22188699
15914,0,0,0,0,0,1,0,11,22189254
15915,0,0,0,0,0,1,0,11,22189449
15916,0,0,0,0,0,1,0,11,22189552
15917,0,0,0,0,0,1,0,11,22190448
15918,0,0,0,0,0,1,0,11,24958836
15919,0,0,0,0,0,1,0,11,25426057
15920,0,0,0,0,0,1,0,11,25432012
15921,0,0,0,0,0,1,0,11,25490130
15922,0,0,0,0,0,1,0,11,25560824
15947,0,0,0,0,0,1,0,11,5335970
16208,1,0,0,0,0,0,0,11,17631387
16209,1,0,0,0,0,0,0,11,17632098
16210,1,0,0,0,0,0,0,11,17665666
16211,1,0,0,0,0,0,0,11,17669513
16212,1,0,0,0,0,0,0,11,17825254
16270,0,1,0,0,0,0,0,11,23026353
16271,0,1,0,0,0,0,0,11,23033776
16272,0,1,0,0,0,0,0,11,23042145
16273,0,1,0,0,0,0,0,11,23044883
16274,0,1,0,0,0,0,0,11,23054978
16275,0,1,0,0,0,0,0,11,23075423
16276,0,1,0,0,0,0,0,11,23082830
16277,0,1,0,0,0,0,0,11,23084754
16278,0,1,0,0,0,0,0,11,23086584
16279,0,1,0,0,0,0,0,11,23101149
16280,0,1,0,0,0,0,0,11,23110159
16281,0,1,0,0,0,0,0,11,23113088
16282,0,1,0,0,0,0,0,11,23116883
16283,0,1,0,0,0,0,0,11,23147063
16284,0,1,0,0,0,0,0,11,23149564
16285,0,1,0,0,0,0,0,11,23151808
16286,0,1,0,0,0,0,0,11,23152288
16287,0,1,0,0,0,0,0,11,23154487
16288,0,1,0,0,0,0,0,11,23178265
16289,0,1,0,0,0,0,0,11,23178418
16290,0,1,0,0,0,0,0,11,23178602
16291,0,1,0,0,0,0,0,11,23179398
16292,0,1,0,0,0,0,0,11,23181735
16293,0,1,0,0,0,0,0,11,23186301
16294,0,1,0,0,0,0,0,11,23231455
16295,0,1,0,0,0,0,0,11,23401512
16296,0,1,0,0,0,0,0,11,23401512
16329,0,1,0,0,0,0,0,11,23025996
16330,0,1,0,0,0,0,0,11,23042145
16331,0,1,0,0,0,0,0,11,23042145
16332,0,1,0,0,0,0,0,11,23054978
16333,0,1,0,0,0,0,0,11,23082830
16334,0,1,0,0,0,0,0,11,23084754
16335,0,1,0,0,0,0,0,11,23086584
16336,0,1,0,0,0,0,0,11,23101149
16337,0,1,0,0,0,0,0,11,23116883
16338,0,1,0,0,0,0,0,11,23147063
16339,0,1,0,0,0,0,0,11,23151808
16340,0,1,0,0,0,0,0,11,23152288
16341,0,1,0,0,0,0,0,11,23154487
16342,0,1,0,0,0,0,0,11,23178265
16343,0,1,0,0,0,0,0,11,23178265
16344,0,1,0,0,0,0,0,11,23178418
16345,0,1,0,0,0,0,0,11,23178418
16346,0,1,0,0,0,0,0,11,23178602
16347,0,1,0,0,0,0,0,11,23179398
16348,0,1,0,0,0,0,0,11,23179398
16349,0,1,0,0,0,0,0,11,23180190
16350,0,1,0,0,0,0,0,11,23181735
16351,0,1,0,0,0,0,0,11,23186301
16376,0,1,0,0,0,0,0,11,22999325
16377,0,1,0,0,0,0,0,11,23016335
16378,0,1,0,0,0,0,0,11,23025996
16379,0,1,0,0,0,0,0,11,23026353
16380,0,1,0,0,0,0,0,11,23042145
16381,0,1,0,0,0,0,0,11,23054978
16382,0,1,0,0,0,0,0,11,23054978
16383,0,1,0,0,0,0,0,11,23082830
16384,0,1,0,0,0,0,0,11,23086584
16385,0,1,0,0,0,0,0,11,23101149
16386,0,1,0,0,0,0,0,11,23101149
16387,0,1,0,0,0,0,0,11,23110159
16388,0,1,0,0,0,0,0,11,23116883
16389,0,1,0,0,0,0,0,11,23116883
16390,0,1,0,0,0,0,0,11,23147063
16391,0,1,0,0,0,0,0,11,23149564
16392,0,1,0,0,0,0,0,11,23151808
16393,0,1,0,0,0,0,0,11,23152288
16394,0,1,0,0,0,0,0,11,23178418
16395,0,1,0,0,0,0,0,11,23178602
16396,0,1,0,0,0,0,0,11,23181735
16407,0,1,0,0,0,0,0,11,23952370
16408,0,1,0,0,0,0,0,11,23952370
16409,0,1,0,0,0,0,0,11,23952700
16410,0,1,0,0,0,0,0,11,23952700
16460,1,0,0,0,0,0,0,11,1356605
16517,1,0,0,0,0,0,0,11,1356605
16532,1,0,0,0,0,0,0,11,16085459
16576,1,0,0,0,0,0,0,11,11743250
16588,1,0,0,0,0,0,0,11,2558832
16634,1,0,0,0,0,0,0,11,3562375
16635,1,0,0,0,0,0,0,11,5512326
16636,1,0,0,0,0,0,0,11,20141614
16639,1,0,0,0,0,0,0,11,5513196
16650,1,0,0,0,0,0,0,11,2558847
16700,1,0,0,0,0,0,0,11,3562375
16701,1,0,0,0,0,0,0,11,24409073
16706,1,0,0,0,0,0,0,11,5513196
16769,1,0,0,0,0,0,0,11,3769274
16791,0,0,0,0,0,1,0,11,6647262
16792,0,0,0,0,0,1,0,11,6662124
16793,0,0,0,0,0,1,0,11,6691388
16794,0,0,0,0,0,1,0,11,6691391
16795,0,0,0,0,0,1,0,11,6706811
16796,0,0,0,0,0,1,0,11,6887831
16797,0,0,0,0,0,1,0,11,6934618
16798,0,0,0,0,0,1,0,11,7603100
16799,0,0,0,0,0,1,0,11,15796210
16800,0,0,0,0,0,1,0,11,6647262
16801,0,0,0,0,0,1,0,11,6934618
16806,0,0,0,0,0,1,0,11,2438402
16807,0,0,0,0,0,1,0,11,2440016
16808,0,0,0,0,0,1,0,11,2441445
16809,0,0,0,0,0,1,0,11,2444894
16810,0,0,0,0,0,1,0,11,2444897
16811,0,0,0,0,0,1,0,11,2445085
16812,0,0,0,0,0,1,0,11,2446180
16816,0,0,0,0,0,1,0,11,2438402
16817,0,0,0,0,0,1,0,11,2440016
16818,0,0,0,0,0,1,0,11,2441445
16819,0,0,0,0,0,1,0,11,2444894
16820,0,0,0,0,0,1,0,11,2444897
16821,0,0,0,0,0,1,0,11,2445085
16822,0,0,0,0,0,1,0,11,2446180
16826,0,0,0,0,0,1,0,11,6706811
16828,0,0,0,0,0,1,0,11,2440016
16829,0,0,0,0,0,1,0,11,2444894
16830,0,0,0,0,0,1,0,11,2445085
16831,0,0,0,0,0,1,0,11,2446180
16832,0,0,0,0,0,1,0,11,6647262
16840,0,0,0,0,0,1,0,11,6647262
16841,0,0,0,0,0,1,0,11,6691388
16842,0,0,0,0,0,1,0,11,6691391
16843,0,0,0,0,0,1,0,11,6706811
16844,0,0,0,0,0,1,0,11,6887831
16845,0,0,0,0,0,1,0,11,6934618
16846,0,0,0,0,0,1,0,11,7603100
16847,0,0,0,0,0,1,0,11,15692357
16848,0,0,0,0,0,1,0,11,15692360
16849,0,0,0,0,0,1,0,11,15712256
16850,0,0,0,0,0,1,0,11,15796210
16851,0,0,0,0,0,1,0,11,6647262
16852,0,0,0,0,0,1,0,11,6934618
16853,0,0,0,0,0,1,0,11,7603100
16854,0,0,0,0,0,1,0,11,15796210
16857,0,0,0,0,0,1,0,11,2440016
16858,0,0,0,0,0,1,0,11,2444894
16861,0,0,0,0,0,1,0,11,2440016
16862,0,0,0,0,0,1,0,11,2444894
16863,0,0,0,0,0,1,0,11,2446177
16875,0,0,0,0,0,1,0,11,6647262
16876,0,0,0,0,0,1,0,11,6662124
16877,0,0,0,0,0,1,0,11,6691388
16878,0,0,0,0,0,1,0,11,6691391
16879,0,0,0,0,0,1,0,11,6887831
16885,0,0,0,0,0,1,0,11,6662124
16897,0,0,0,0,0,1,0,11,2444894
16898,0,0,0,0,0,1,0,11,2444897
16899,0,0,0,0,0,1,0,11,2445085
16900,0,0,0,0,0,1,0,11,2446177
16901,0,0,0,0,0,1,0,11,2446180
16913,0,0,0,0,0,1,0,11,19980023
16914,0,0,0,0,0,1,0,11,20322700
16921,0,0,0,0,0,1,0,11,19980023
16922,0,0,0,0,0,1,0,11,20322700
16924,0,0,0,0,0,1,0,11,6706811
17193,1,0,0,0,0,0,0,11,560550
17194,1,0,0,0,0,0,0,11,2236248
17195,1,0,0,0,0,0,0,11,4967620
17196,1,0,0,0,0,0,0,11,4986776
17197,1,0,0,0,0,0,0,11,5027233
17198,1,0,0,0,0,0,0,11,5129534
17199,1,0,0,0,0,0,0,11,5138677
17200,1,0,0,0,0,0,0,11,5145179
17201,1,0,0,0,0,0,0,11,5164744
17202,1,0,0,0,0,0,0,11,5374440
17203,1,0,0,0,0,0,0,11,5493723
17204,1,0,0,0,0,0,0,11,5509639
17205,1,0,0,0,0,0,0,11,5525883
17206,1,0,0,0,0,0,0,11,5565676
17207,1,0,0,0,0,0,0,11,5704481
17208,1,0,0,0,0,0,0,11,10564244
17209,1,0,0,0,0,0,0,11,18659938
17210,1,0,0,0,0,0,0,11,21573064
17211,1,0,0,0,0,0,0,11,21573705
17212,1,0,0,0,0,0,0,11,21953047
17213,1,0,0,0,0,0,0,11,22112602
17214,1,0,0,0,0,0,0,11,22112840
17215,1,0,0,0,0,0,0,11,22113119
17216,1,0,0,0,0,0,0,11,24957843
17217,1,0,0,0,0,0,0,11,27217385
17218,1,0,0,0,0,0,0,11,28373250
17219,1,0,0,0,0,0,0,11,28422770
17220,1,0,0,0,0,0,0,11,28446187
17551,1,0,0,0,0,0,0,11,4986949
17552,1,0,0,0,0,0,0,11,5020883
17553,1,0,0,0,0,0,0,11,5020934
17554,1,0,0,0,0,0,0,11,5023072
17555,1,0,0,0,0,0,0,11,5142838
17556,1,0,0,0,0,0,0,11,5747290
17557,1,0,0,0,0,0,0,11,5889265
17558,1,0,0,0,0,0,0,11,5889265
17559,1,0,0,0,0,0,0,11,15818644
17560,1,0,0,0,0,0,0,11,15818644
17561,1,0,0,0,0,0,0,11,17924665
17562,1,0,0,0,0,0,0,11,21845463
17563,1,0,0,0,0,0,0,11,22089129
17564,1,0,0,0,0,0,0,11,22447396
17565,1,0,0,0,0,0,0,11,24876073
17566,1,0,0,0,0,0,0,11,24967219
17567,1,0,0,0,0,0,0,11,25098174
17568,1,0,0,0,0,0,0,11,25147988
17569,1,0,0,0,0,0,0,11,25310834
17570,1,0,0,0,0,0,0,11,25311124
17571,1,0,0,0,0,0,0,11,25425881
17572,1,0,0,0,0,0,0,11,25426683
17573,1,0,0,0,0,0,0,11,25557075
17574,1,0,0,0,0,0,0,11,25558638
17575,1,0,0,0,0,0,0,11,25576590
17576,1,0,0,0,0,0,0,11,25581195
17577,1,0,0,0,0,0,0,11,25850373
17578,1,0,0,0,0,0,0,11,25851231
17579,1,0,0,0,0,0,0,11,25851251
17580,1,0,0,0,0,0,0,11,25928278
17581,1,0,0,0,0,0,0,11,25928278
17582,1,0,0,0,0,0,0,11,25929999
17583,1,0,0,0,0,0,0,11,25929999
17584,1,0,0,0,0,0,0,11,25931815
17585,1,0,0,0,0,0,0,11,25931815
17586,1,0,0,0,0,0,0,11,25982249
17587,1,0,0,0,0,0,0,11,26003830
17588,1,0,0,0,0,0,0,11,26004676
17589,1,0,0,0,0,0,0,11,26004676
17590,1,0,0,0,0,0,0,11,26711260
17591,1,0,0,0,0,0,0,11,26729273
17592,1,0,0,0,0,0,0,11,27123843
17593,1,0,0,0,0,0,0,11,27179712
17594,1,0,0,0,0,0,0,11,27179712
17595,1,0,0,0,0,0,0,11,27332108
17596,1,0,0,0,0,0,0,11,27332108
17597,1,0,0,0,0,0,0,11,27342165
17598,1,0,0,0,0,0,0,11,27347858
17599,1,0,0,0,0,0,0,11,27353565
17600,1,0,0,0,0,0,0,11,28284273
17601,1,0,0,0,0,0,0,11,28284657
17602,1,0,0,0,0,0,0,11,28322308
17603,1,0,0,0,0,0,0,11,28322308
17810,1,0,0,0,0,0,0,11,4784914
17811,1,0,0,0,0,0,0,11,18580605
17812,1,0,0,0,0,0,0,11,21436890
17813,1,0,0,0,0,0,0,11,21798820
17814,1,0,0,0,0,0,0,11,22182562
17815,1,0,0,0,0,0,0,11,26037486
17816,1,0,0,0,0,0,0,11,27126077
17817,1,0,0,0,0,0,0,11,28216224
17818,1,0,0,0,0,0,0,11,28236802
17819,1,0,0,0,0,0,0,11,28284657
18018,1,0,0,0,0,0,0,11,8736819
18019,1,0,0,0,0,0,0,11,8741488
18020,1,0,0,0,0,0,0,11,8778705
18021,1,0,0,0,0,0,0,11,8778705
18022,1,0,0,0,0,0,0,11,8779188
18023,1,0,0,0,0,0,0,11,10778730
18024,1,0,0,0,0,0,0,11,15609416
18025,1,0,0,0,0,0,0,11,16144015
18026,1,0,0,0,0,0,0,11,16191202
18027,1,0,0,0,0,0,0,11,16191202
18028,1,0,0,0,0,0,0,11,16194126
18029,1,0,0,0,0,0,0,11,16482745
18030,1,0,0,0,0,0,0,11,16482745
18060,0,1,0,0,0,0,0,11,23136796
18061,0,1,0,0,0,0,0,11,23136796
18065,0,1,0,0,0,0,0,11,27230327
18066,0,1,0,0,0,0,0,11,27236274
18067,0,1,0,0,0,0,0,11,27237789
18068,0,1,0,0,0,0,0,11,27252798
18069,0,1,0,0,0,0,0,11,27253869
18070,0,1,0,0,0,0,0,11,27260297
18071,0,1,0,0,0,0,0,11,27364810
18072,0,1,0,0,0,0,0,11,27404632
18093,0,1,0,0,0,0,0,11,23136796
18094,0,1,0,0,0,0,0,11,27236274
18095,0,1,0,0,0,0,0,11,27237789
18096,0,1,0,0,0,0,0,11,27404632
18115,0,1,0,0,0,0,0,11,23136796
18116,0,1,0,0,0,0,0,11,23136796
18117,0,1,0,0,0,0,0,11,27182444
18118,0,1,0,0,0,0,0,11,27230327
18119,0,1,0,0,0,0,0,11,27236274
18120,0,1,0,0,0,0,0,11,27237789
18121,0,1,0,0,0,0,0,11,27253869
18122,0,1,0,0,0,0,0,11,27260297
18123,0,1,0,0,0,0,0,11,27404632
18217,0,0,1,0,0,0,0,11,19641458
18246,0,0,1,0,0,0,0,11,19641458
18278,0,0,0,0,1,0,0,11,10232787
18279,0,0,0,0,1,0,0,11,10131031
18281,0,0,0,0,1,0,0,11,10329677
18288,0,0,0,0,0,0,1,11,10232787
18290,0,0,0,0,0,0,1,11,10131062
18291,0,0,0,0,0,0,1,11,10329677
18292,0,0,0,0,0,0,1,11,10627944
18293,0,0,0,0,0,0,1,11,10392338
18308,0,0,1,0,0,0,0,11,23178024
18319,0,0,0,0,1,0,0,11,10131031
18321,0,0,0,0,1,0,0,11,3111523
18330,0,0,0,0,0,0,1,11,10392338
18333,0,0,0,0,0,0,1,11,16582568
18350,0,0,1,0,0,0,0,11,22233662
18354,0,0,1,0,0,0,0,11,18102156
18361,0,0,0,0,0,0,1,11,10867613
18373,0,0,1,0,0,0,0,11,22233662
18377,0,0,0,0,1,0,0,11,19108095
18386,0,0,1,0,0,0,0,11,18102156
18389,0,0,1,0,0,0,0,11,22065446
18408,0,0,1,0,0,0,0,11,18168801
18410,0,0,1,0,0,0,0,11,2170439
18415,0,0,0,0,1,0,0,11,23110189
18429,0,0,0,0,0,0,1,11,10867613
18433,0,1,0,0,0,0,0,11,586603
18436,0,0,1,0,0,0,0,11,2170439
18440,0,0,0,0,1,0,0,11,23110189
18451,0,0,1,0,0,0,0,11,3518037
18463,0,0,0,0,0,0,1,11,10867613
18470,0,0,1,0,0,0,0,11,10867613
18478,0,0,0,0,1,0,0,11,17886595
18484,0,0,0,0,0,0,1,11,10627944
18485,0,0,0,0,0,0,1,11,10131062
18486,0,0,0,0,0,0,1,11,10329677
18500,0,0,1,0,0,0,0,11,23178024
18555,0,0,0,0,0,0,1,11,5059787
18556,0,0,0,0,0,0,1,11,16657145
18557,0,0,0,0,0,0,1,11,16683675
18558,0,0,0,0,0,0,1,11,18758390
18559,0,0,0,0,0,0,1,11,24704917
18689,0,0,0,0,0,0,1,11,7288572
18690,0,0,0,0,0,0,1,11,16016847
18691,0,0,0,0,0,0,1,11,18758390
18692,0,0,0,0,0,0,1,11,21460176
18693,0,0,0,0,0,0,1,11,26927062
18709,0,0,0,0,0,0,1,11,27305217
18729,1,0,0,0,0,0,0,11,22562237
18760,1,0,0,0,0,0,0,11,22563596
18772,0,0,0,0,0,0,1,11,27792076
18778,0,0,0,0,0,0,1,11,192690
18787,0,0,0,0,0,0,1,11,24255295
18805,1,0,0,0,0,0,0,11,22240707
18806,1,0,0,0,0,0,0,11,22563596
18810,0,0,0,0,0,0,1,11,5061851
18816,0,0,0,0,0,0,1,11,3161548
18817,0,0,0,0,0,0,1,11,27792076
18823,0,0,0,0,0,0,1,11,3735389
18824,0,0,0,0,0,0,1,11,20805844
18830,0,0,0,0,0,0,1,11,3781133
18903,1,0,0,0,0,0,0,11,23238379
18909,1,0,0,0,0,0,0,11,28947480
18912,1,0,0,0,0,0,0,11,28945747
18914,1,0,0,0,0,0,0,11,23226941
18920,1,0,0,0,0,0,0,11,23220681
18922,1,0,0,0,0,0,0,11,24762471
18924,1,0,0,0,0,0,0,11,23220681
18927,1,0,0,0,0,0,0,11,1143223
18958,0,0,0,0,1,0,0,11,2576141
18959,0,0,0,0,1,0,0,11,2576141
18973,0,0,0,0,1,0,0,11,7124485
18990,0,0,0,0,1,0,0,11,2576141
19045,0,0,0,0,0,0,1,11,6895700
19061,1,0,0,0,0,0,0,11,25167461
19067,1,0,0,0,0,0,0,11,25167461
19080,0,0,0,0,0,1,0,11,4598375
19081,0,0,0,0,0,1,0,11,19256720
19089,0,0,0,0,0,1,0,11,7586819
19090,0,0,0,0,0,1,0,11,19256720
19094,0,0,0,0,0,1,0,11,19757576
19099,0,0,0,0,0,1,0,11,28809904
19105,0,0,0,0,0,1,0,11,15005353
19106,0,0,0,0,0,1,0,11,23265255
19115,0,0,0,0,0,1,0,11,25225529
19116,0,0,0,0,0,1,0,11,28797996
19120,0,0,0,0,0,1,0,11,6544071
19267,0,0,0,0,0,1,0,11,4827695
19268,0,0,0,0,0,1,0,11,4829218
19269,0,0,0,0,0,1,0,11,8656690
19270,0,0,0,0,0,1,0,11,12744753
19271,0,0,0,0,0,1,0,11,18390492
19272,0,0,0,0,0,1,0,11,20370631
19273,0,0,0,0,0,1,0,11,22472032
19274,0,0,0,0,0,1,0,11,22822085
19275,0,0,0,0,0,1,0,11,23565309
19276,0,0,0,0,0,1,0,11,25675587
19277,0,0,0,0,0,1,0,11,26513524
19278,0,0,0,0,0,1,0,11,26513524
19279,0,0,0,0,0,1,0,11,26980906
19280,0,0,0,0,0,1,0,11,27722035
19375,0,0,0,0,0,1,0,11,3156823
19376,0,0,0,0,0,1,0,11,5907462
19377,0,0,0,0,0,1,0,11,7633947
19378,0,0,0,0,0,1,0,11,8309799
19379,0,0,0,0,0,1,0,11,8309799
19380,0,0,0,0,0,1,0,11,12744753
19381,0,0,0,0,0,1,0,11,13530105
19382,0,0,0,0,0,1,0,11,13530105
19383,0,0,0,0,0,1,0,11,13530105
19384,0,0,0,0,0,1,0,11,13568780
19385,0,0,0,0,0,1,0,11,15972287
19386,0,0,0,0,0,1,0,11,18849961
19387,0,0,0,0,0,1,0,11,21980164
19388,0,0,0,0,0,1,0,11,21980164
19389,0,0,0,0,0,1,0,11,21980164
19390,0,0,0,0,0,1,0,11,26525311
19391,0,0,0,0,0,1,0,11,27008340
19788,0,0,0,0,0,1,0,11,3526377
19789,0,0,0,0,0,1,0,11,4826552
19790,0,0,0,0,0,1,0,11,4848406
19791,0,0,0,0,0,1,0,11,4978212
19792,0,0,0,0,0,1,0,11,4978212
19793,0,0,0,0,0,1,0,11,5028269
19794,0,0,0,0,0,1,0,11,7150691
19795,0,0,0,0,0,1,0,11,8602854
19796,0,0,0,0,0,1,0,11,8602854
19797,0,0,0,0,0,1,0,11,8635289
19798,0,0,0,0,0,1,0,11,16432750
19799,0,0,0,0,0,1,0,11,16432750
19800,0,0,0,0,0,1,0,11,16432750
19801,0,0,0,0,0,1,0,11,16494154
19802,0,0,0,0,0,1,0,11,17095672
19803,0,0,0,0,0,1,0,11,18189145
19804,0,0,0,0,0,1,0,11,18189145
19805,0,0,0,0,0,1,0,11,20157239
19806,0,0,0,0,0,1,0,11,20351922
19807,0,0,0,0,0,1,0,11,20351922
19808,0,0,0,0,0,1,0,11,21620243
19809,0,0,0,0,0,1,0,11,21620243
19810,0,0,0,0,0,1,0,11,22447837
19811,0,0,0,0,0,1,0,11,24030610
19812,0,0,0,0,0,1,0,11,24118460
19813,0,0,0,0,0,1,0,11,24137705
19814,0,0,0,0,0,1,0,11,24577854
19815,0,0,0,0,0,1,0,11,24577854
19816,0,0,0,0,0,1,0,11,24936763
19817,0,0,0,0,0,1,0,11,26002448
19818,0,0,0,0,0,1,0,11,27283766
19845,0,1,0,0,0,0,0,11,19129074
19875,0,1,0,0,0,0,0,11,651849
19876,0,1,0,0,0,0,0,11,2925421
19877,0,1,0,0,0,0,0,11,19129074
19878,0,1,0,0,0,0,0,11,27695289
19935,0,0,1,0,0,0,0,11,18253621
19936,0,0,1,0,0,0,0,11,24345641
19937,0,0,1,0,0,0,0,11,26390493
19978,0,0,0,0,1,0,0,11,25263360
19989,0,0,0,0,1,0,0,11,3035511
20006,0,0,1,0,0,0,0,11,26328657
20020,0,0,1,0,0,0,0,11,5684953
20021,0,0,1,0,0,0,0,11,21464798
20022,0,0,1,0,0,0,0,11,25432141
20051,0,0,1,0,0,0,0,11,717272
20052,0,0,1,0,0,0,0,11,16997852
20053,0,0,1,0,0,0,0,11,25263360
20060,0,0,0,0,1,0,0,11,27418072
20083,0,1,0,0,0,0,0,11,20952606
20084,0,1,0,0,0,0,0,11,28172999
20100,0,0,0,0,1,0,0,11,1780672
20101,0,0,0,0,1,0,0,11,17784831
20123,0,0,0,0,1,0,0,11,23610841
20124,0,0,0,0,1,0,0,11,28792771
20132,0,0,0,0,1,0,0,11,1780672
20168,0,0,1,0,0,0,0,11,17790592
20169,0,0,1,0,0,0,0,11,27116429
20187,0,0,0,0,1,0,0,11,27812535
20206,0,0,0,0,1,0,0,11,1780672
20207,0,0,0,0,1,0,0,11,22461167
20208,0,0,0,0,1,0,0,11,27184109
20256,0,0,1,0,0,0,0,11,27812535
20260,0,0,0,0,1,0,0,11,22766325
20332,0,1,0,0,0,0,0,11,3161547
20333,0,0,0,0,0,1,0,11,6671341
20334,1,0,0,0,0,0,0,11,7693392
20335,0,1,0,0,0,0,0,11,22526446
20336,0,0,0,0,0,0,1,11,23866023
20337,0,0,0,0,0,0,1,11,26441049
20338,0,0,0,0,0,0,1,11,27158519
20359,0,1,0,0,0,0,0,11,3638283
20360,1,0,0,0,0,0,0,11,7272543
20361,1,0,0,0,0,0,0,11,7329181
20362,1,0,0,0,0,0,0,11,7538208
20363,1,0,0,0,0,0,0,11,7603153
20364,1,0,0,0,0,0,0,11,7603153
20365,1,0,0,0,0,0,0,11,7693392
20374,1,0,0,0,0,0,0,11,7802316
20383,1,0,0,0,0,0,0,11,25109943
20386,1,0,0,0,0,0,0,11,21030105
20387,1,0,0,0,0,0,0,11,25089325
20392,1,0,0,0,0,0,0,11,3088095
20415,1,0,0,0,0,0,0,11,27644922
20478,0,0,0,0,0,0,1,11,7071063
20479,0,0,0,0,0,0,1,11,22523913
20533,0,1,0,0,0,0,0,11,6031396
20534,0,1,0,0,0,0,0,11,6065939
20586,0,1,0,0,0,0,0,11,6031396
20587,0,1,0,0,0,0,0,11,6065939
20636,0,1,0,0,0,0,0,11,6031396
20637,0,1,0,0,0,0,0,11,6065939
20866,0,1,0,0,0,0,0,11,22451344
20887,0,1,0,0,0,0,0,11,22451344
20903,0,1,0,0,0,0,0,11,22451344
21019,0,1,0,0,0,0,0,11,6031396
21020,0,1,0,0,0,0,0,11,6065939
21042,0,1,0,0,0,0,0,11,6031396
21043,0,1,0,0,0,0,0,11,6065939
